{"entry::fa07e7f6-c5b9-46e0-a76c-42282fdbfe00":{"title":"Blog"},"entry::ad1b7d6b-24ef-48c2-b290-6755e3f2a45a":{"title":"As you scroll you'll notice a Content Model section."},"user::4694ff41-3a53-4b33-a9f7-4cb5b7ee3139":{"title":"admin@admin.com"},"asset::assets::gemini_generated_image_6mq8r16mq8r16mq8.png":{"title":"gemini_generated_image_6mq8r16mq8r16mq8.png"},"asset::assets::gemini_generated_image_oq3akfoq3akfoq3a.png":{"title":"gemini_generated_image_oq3akfoq3akfoq3a.png"},"entry::home":{"title":"Home"}}